id,concepto,second_category_id,
1,Conocimiento ,0,
2,El libro ,0,
3,Sistemas ,0,
4,Procesamiento de datos. Ciencia de los computadores ,0,
5,"Programación, programas, datos de computación ",0,
6,Métodos especiales de computación ,0,
11,Bibliografías ,10,
12,De individuos ,10,
13,De obras por clases específicas de autores  ,10,
14,De obras anónimas & seudónimas ,10,
15,De obras de lugares específicos ,10,
16,De obras sobre temas específicos ,10,
17,Catálogos generales por materia ,10,
18,"Catálogos ordenados por autor,  fecha, etc. ",10,
19,Catálogos diccionario ,10,
21,Relaciones bibliotecarias ,20,
22,Administración  de la planta física ,20,
23,Administración de personal ,20,
25,Operaciones bibliotecarias ,20,
26,Bibliotecas para temas específicos ,20,
27,Bibliotecas generales ,20,
28,"Lectura, uso de otros medios de información ",20,
31,Norteamericanas ,30, 
32,En inglés ,30, 
33,En otras lenguas germánicas ,30, 
34,"En francés, provenzal, catalán ",30, 
35,"En italiano, rumano, retorromano ",30, 
36,"En español, & portugués ",30, 
37,En lenguas eslavas ,30, 
38,En lenguas escandinavas ,30, 
39,En otras lenguas ,30, 
51,Norteamericanas ,50,
52,En inglés ,50,
53,En otras lenguas germánicas ,50,
54,"En francés, provenzal, catalán ",50,
55,"En italiano, rumano, retorromano ",50,
56,En español & portugués ,50,
57,En lenguas eslavas ,50,
58,En lenguas escandinavas ,50,
59,En otras lenguas ,50,
61,En América del Norte ,60,
62,En las Islas Británicas. En Inglaterra ,60,
63,En Europa central. En Alemania ,60,
64,En Francia & Mónaco ,60,
65,En Italia & territorios adyacentes ,60,
66,En la Península Ibérica & islas adyacentes ,60,
67,En Europa oriental Rusia ,60,
68,En otras áreas ,60,
69,Museología (Ciencia de los museos) ,60,
71,En América del Norte ,70,
72,En las Islas Británicas. En Inglaterra ,70,
73,En Europa central. En Alemania ,70,
74,En Francia y Mónaco ,70,
75,En Asia y territorios adyacentes ,70,
76,En la Península Ibérica & islas adyacentes ,70,
77,En Europa oriental. En Rusia ,70,
78,En Escandinavia ,70,
79,En otras áreas geográficas ,70,
81,Norteamericanas ,80,
82,En inglés ,80,
83,En otras lenguas germánicas ,80,
84,"En francés, provenzal, catalán ",80,
85,"En italiano, rumano, retorromano ",80,
86,En español & portugués ,80,
87,En lenguas eslavas ,80,
88,En lenguas escandinavas ,80,
89,En otras lenguas ,80,
91,Manuscritos ,90,
92,Libros xilográficos ,90,
93,Incunables ,90,
94,Libros impresos ,90,
95,Libros notables por su encuadernación ,90,
96,Libros notables por las ilustraciones ,90,
97,Libros notables por su propietario u origen ,90,
98,"Obras prohibidas, Falsificaciones, imposturas ",90,
99,Libros notables por su formato ,90,
101,Teoría de la filosofía ,100,
102,Miscelánea de filosofía ,100,
103,Diccionario de filosofía ,100,
105,Publicaciones en serie de filosofía ,100,
106,Organizaciones en filosofía ,100,
107,"Educación, investigación en filosofía ",100,
108,Clases de personas en filosofía ,100,
109,Tratamiento histórico de la filosofía ,100,
111,Ontología ,110,
113,Cosmología (Filosofía de la naturaleza) ,110,
114,Espacio ,110,
115,Tiempo ,110,
116,Cambio ,110,
117,Estructura ,110,
118,Fuerza & Energía ,110,
119,Números & cantidad ,110,
121,Epistemología (Teoría del conocimiento) ,120,
122,Causalidad ,120,
123,Determinismo e indeterminismo ,120,
124,Teleología ,120,
126,El yo ,120,
127,El inconsciente & el subconsciente ,120,
128,Género humano ,120,
129,Origen & destino del alma individual ,120,
131,Métodos ocultos para lograr bienestar ,130,
133,Parapsicología & ocultismo ,130,
135,Sueños & misterios ,130,
137,Grafología adivinatoria ,130,
138,Fisionomía ,130,
139,Frenología ,130,
141,Idealismo & sistemas relacionados ,140,
142,Filosofía critica ,140,
143,Intuicionalismo & bergsonismo ,140,
144,Humanismo & sistemas relacionados ,140,
145,Sensacionalismo ,140,
146,Naturalismo & sistemas relacionados ,140,
147,Panteísmo & sistemas relacionados ,140,
148,"Liberalismo, eclecticismo, tradicionalismo ",140,
149,Otros sistemas filosóficos ,140,
152,"Percepción, movimiento, emociones, impulsos ",150,
153,Procesos mentales & inteligencia ,150,
154,Subconsciente & estados alterados ,150,
155,Psicología diferencial & del desarrollo ,150,
156,Psicología comparada ,150,
158,Psicología aplicada  ,150,
161,Inducción ,160,
162,Deducción ,160,
165,Falacias & fuentes de error ,160,
166,Silogismos ,160,
167,Hipótesis ,160,
168,Argumento & persuasión ,160,
169,Analogía ,160,
171,Sistemas & doctrinas ,170,
172,Ética política ,170,
173,Ética de las relaciones familiares ,170,
174,Ética económica & profesional ,170,
175,Ética de la recreación & del tiempo libre ,170,
176,Ética sexual & de la reproducción ,170,
177,Ética de las relaciones sociales ,170,
178,Ética del consumo ,170,
179,Otras normas éticas ,170,
181,Filosofía oriental ,180,
182,"Filosofías griegas, presocráticas ",180,
183,Filosofías sofista & socrática ,180,
184,Filosofía platónica ,180,
185,Filosofía aristotélica ,180,
186,Filosofía escéptica & neoplatónica ,180,
187,Filosofía epicúrea ,180,
188,Filosofía estoica ,180,
189,Filosofía medieval occidental ,180,
191,Estados Unidos & Canadá ,190,
192,Islas Británicas ,190,
193,Alemania & Austria ,190,
194,Francia ,190,
195,Italia ,190,
196,España & Portugal ,190,
197,Anterior Unión Soviética ,190,
198,Escandinavia ,190,
199,Otras áreas geográficas ,190,
201,Filosofía del cristianismo ,200,
202,Miscelánea del cristianismo ,200,
203,Diccionarios del cristianismo ,200,
204,Temas especiales ,200,
205,Publicaciones en serie del cristianismo ,200,
206,Organizaciones del cristianismo ,200,
207,"Educación, investigación en cristianismo ",200,
208,Clases de personas en el cristianismo ,200,
209,Historia & geografía del cristianismo ,200,
211,Conceptos de Dios ,210,
212,"Existencia, atributos de Dios ",210,
213,Creación ,210,
214,Teodicea ,210,
215,Ciencias & religión ,210,
216,El bien & el mal ,210,
218,El Hombre ,210,
221,Antiguo Testamento ,220,
222,Libros históricos del Antiguo Testamento ,220,
223,Libros poéticos del Antiguo Testamento ,220,
224,Libros proféticos del Antiguo Testamento ,220,
225,Nuevo Testamento ,220,
226,Evangelios & Hechos de los Apóstoles ,220,
227,Epístolas ,220,
228,Revelación (Apocalipsis de Juan) ,220,
229,Apócrifos & seudoepígrafes ,220,
231,Dios ,230,
232,Jesucristo & su familia ,230,
233,El hombre ,230,
234,Salvación (Soteriología) & gracia ,230,
235,Seres espirituales ,230,
236,Escatología ,230,
238,Credos & catecismos ,230,
239,Apologética & polémica ,230,
241,Teología moral ,240,
242,Literatura piadosa ,240,
243,Escritos evangelizadores para individuos ,240,
245,Textos de himnos ,240,
246,Uso del arte en el cristianismo ,240,
247,Mobiliario & artículos eclesiásticos ,240,
248,"Experiencia, práctica, vida cristianas ",240,
249,Observancias cristianas en la vida familiar ,240,
251,Predicación (Homilética) ,250,
252,Textos de sermones ,250,
253,Oficio pastoral (Teología pastoral) ,250,
254,Gobierno & administración de la parroquia ,250,
255,Congregaciones & ord.  religiosas ,250,
259,Actividades de la iglesia local ,250,
261,Teología social ,260,
262,Eclesiología ,260,
263,"Tiempos, lugares de observancia religiosa ",260,
264,Culto público ,260,
265,"Sacramentos, otros ritos & actos ",260,
266,Misiones ,260,
267,Asociaciones para trabajo religioso ,260,
268,Educación religiosa ,260,
269,Renovación espiritual ,260,
271,Ordenes religiosas en la historia de la iglesia ,270,
272,Persecuciones en la historia de la iglesia ,270,
273,Herejías en la historia de la iglesia ,270,
274,Iglesia cristiana en Europa ,270,
275,Iglesia cristiana en Asia ,270,
276,Iglesia cristiana en África ,270,
277,Iglesia cristiana en América del Norte ,270,
278,Iglesia cristiana en América del Sur ,270,
279,Iglesia cristiana en otras áreas ,270,
281,Iglesia primitiva & iglesia oriental ,280,
282,Iglesia Católica Romana ,280,
283,Iglesia anglicanas ,280,
284,Protestantes de origen continental ,280,
285,"Iglesias Presbiterianas, reformadas, congregacionales ",280,
286,"Iglesias bautistas, de los Discípulos de Cristo, adventistas ",280,
287,Iglesia Metodista & relacionadas ,280,
289,Otras denominaciones & sectas ,280,
291,Religión comparada ,290,
292,Religión clásica (griega & romana) ,290,
293,Religión germánica ,290,
294,Religiones de origen hindú ,290,
295,"Zoroastrismo (Mazdeismo, Parsismo) ",290,
296,Judaísmo ,290,
297,Islamismo & religiones originadas en él ,290,
299,Otras religiones ,290,
301,Sociología & antropología ,300,
302,Interacción social ,300,
303,Procesos sociales ,300,
304,Factores que afectan el comportamiento social ,300,
305,Grupos sociales ,300,
306,Cultura & instituciones ,300,
307,Comunidades ,300,
314,De Europa ,310,
315,De Asia ,310,
316,De África ,310,
317,De América del Norte ,310,
318,De América del Sur ,310,
319,De otras partes del mundo ,310,
321,Sistemas de gobierno & estados ,320,
322,Relaciones del Estado con grupos organizados ,320,
323,Derechos civiles & políticos ,320,
324,El proceso político ,320,
325,Migración y colonización internacionales ,320,
326,Esclavitud & emancipación ,320,
327,Relaciones internacionales ,320,
328,El proceso legislativo ,320,
331,Economía laboral ,330,
332,Economía financiera ,330,
333,Economía de la tierra ,330,
334,Cooperativas ,330,
335,Socialismo & sistemas relacionados ,330,
336,Finanzas públicas ,330,
337,Economía internacional ,330,
338,Producción ,330,
339,Macroeconomía & temas relacionados ,330,
341,Derecho internacional ,340,
342,Derecho constitucional & administrativo ,340,
343,"Derecho militar, tributario, mercantil, industrial ",340,
344,"Derecho social, laboral, de bienestar social & relacionados ",340,
345,Derecho penal ,340,
346,Derecho privado ,340,
347,Procedimiento & tribunales civiles ,340,
348,"Leyes (Estatutos), reglamentaciones, jurisprudencia. ",340,
349,Derecho de jurisprudencia & áreas especificas ,340,
351,De gobiernos centrales ,350,
352,De gobiernos locales ,350,
353,De gobiernos federales & estatales de Estados Unidos ,350,
354,De gobiernos centrales específicos ,350,
355,Ciencia militar ,350,
356,Fuerza y guerra de infantería ,350,
357,Fuerza & guerra montada ,350,
358,Otras fuerzas & servicios especializados ,350,
359,Fuerzas de guerra marítimas (navales) ,350,
361,Problemas sociales & bienestar social en general ,360,
362,Problemas & servicios de bienestar social ,360,
363,Otros problemas & servicios sociales ,360,
364,Criminología ,360,
365,Instituciones penales & relacionadas ,360,
366,Asociaciones ,360,
367,Clubes de carácter general ,360,
368,Seguros ,360,
369,Varias clases de asociaciones ,360,
371,Administración escolar; educación especial ,370,
372,Educación primaria ,370,
373,Educación secundaria  ,370,
374,Educación de adultos ,370,
375,Currículos ,370,
376,Educación de las mujeres ,370,
377,Escuelas & religión ,370,
378,Educación superior ,370,
379,"Reglamentación, control, apoyo gubernamentales ",370,
381,Comercio interno (Comercio doméstico) ,380,
382,Comercio internacional (Comercio exterior) ,380,
383,Comunicación postal(Correos) ,380,
384,"Comunicaciones, Telecomunicaciones ",380,
385,Transporte ferroviario ,380,
386,Transporte por vía acuática interior & en transbordador ,380,
387,"Transporte acuático, aéreo, espacial ",380,
388,"Transporte, Transporte terrestre ",380,
389,Metrología & normalización C291C288C286:D313,380,
391,Traje & apariencia personal ,390,
392,Costumbres del ciclo de vida & de la vida doméstica ,390,
393,Costumbres mortuorias ,390,
394,Costumbres generales ,390,
395,Etiqueta (Modales) ,390,
398,Folclor ,390,
399,Costumbres de guerra & diplomacia ,390,
401,Filosofía & teoría ,400,
402,Miscelánea ,400,
403,Diccionarios & enciclopedias ,400,
404,Temas especiales ,400,
405,Publicaciones en serie ,400,
406,Organizaciones & administración ,400,
407,"Educación, investigación, temas relacionados ",400,
408,En relación con clases de personas ,400,
409,Tratamiento geográfico & de personas ,400,
411,Sistemas de escritura ,410,
412,Etimología ,410,
413,Diccionarios ,410,
414,Fonología ,410,
415,Sistemas estructurales (Gramática) ,410,
417,Dialectología & lingüística histórica ,410,
418,"Uso estándar, Lingüística aplicada ",410,
419,Lenguajes verbales no hablados ni escritos ,410,
421,Sistema de escritura & fonología inglesa ,420,
422,Etimología inglesa ,420,
423,Diccionarios de inglés ,420,
425,Gramática inglesa ,420,
427,Variaciones de le lengua inglesa ,420,
428,Uso del inglés estándar ,420,
429,Ingles antiguo (Anglosajón) ,420,
431,Sistemas de escritura & fonología alemana ,430,
432,Etimología alemana  ,430,
433,Diccionario de Alemán ,430,
435,Gramática alemana ,430,
437,Variaciones de la lengua alemana ,430,
438,Uso del alemán estándar ,430,
439,Otras lenguas germánicas ,430,
441,Sistema de escritura & fonología franceses ,440,
442,Etimología francesa ,440,
443,Diccionario de francés ,440,
445,Gramática francesa ,440,
447,Variaciones del francés ,440,
448,Uso del francés estándar ,440,
449,Provenzal & catalán ,440,
451,Sistema de escritura & fonología italianos ,450,
452,Etimología italiana ,450,
453,Diccionarios de italiano ,450,
455,Gramática italiana ,450,
457,Variaciones del italiano ,450,
458,Uso del italiano estándar ,450,
459,Rumano & retorromano ,450,
461,Sistema de escritura & fonología ,460,
462,Etimología española ,460,
463,Diccionarios de español ,460,
465,Gramática española ,460,
467,Variaciones del español ,460,
468,Uso del español estándar ,460,
469,Portugués ,460,
471,Escritura & fonología latinas clásicas ,470,
472,Etimología latina clásica ,470,
473,Diccionarios de latín clásico ,470,
475,Gramática latina clásica ,470,
477,"Latín arcaico, postclásico, vulgar ",470,
478,Uso del latín clásico ,470,
479,Otras lenguas itálicas ,470,
481,Escritura y fonología griegas clásicas ,480,
482,Etimología griega clásica ,480,
483,Diccionarios de griego clásico ,480,
485,Gramática griega clásica ,480,
487,Griego preclásico & postclasico ,480,
488,Uso del griego clásico ,480,
489,Otras lenguas helénicas ,480,
491,Lenguas indoeuropeas orientales & celtas ,490,
492,"Lenguas afroasiáticas, Semíticas ",490,
493,"Lenguas afroasiáticas, no semíticas ",490,
494,"Lenguas uralaltaicas, paleosiberianas, dravidas ",490,
495,Lenguas del oriente & sudoriente de Asia ,490,
496,Lenguas africanas ,490,
497,Lenguas nativas de América del Norte ,490,
498,Lenguas nativas de América del Sur ,490,
499,Lenguas varias ,490,
501,Filosofía & teoría ,500,
502,Miscelánea ,500,
503,Diccionarios & enciclopedias ,500,
505,Probabilidades en serie ,500,
506,probabilidades & administración ,500,
507,"Probabili, Probabilidades, temas relacionados ",500,
508,Historia natural ,500,
509,"Tratamiento histórico, geográfico, de personas ",500,
511,Principios generales ,510,
512,Álgebra & teoría de los números ,510,
513,Aritmética ,510,
514,Topología ,510,
515,Análisis ,510,
516,Geometría ,510,
519,Probabilidades & matemáticas aplicadas ,510,
521,Mecánica celeste ,520,
522,"Técnicas, equipo, materiales ",520,
523,Cuerpos & fenómenos celestes específicos ,520,
525,La Tierra (Geografía astronómica) ,520,
526,Geografía matemática ,520,
527,Probabilid celeste ,520,
528,Efemérides ,520,
529,Cronología ,520,
531,"Mecánica clásica, Mecánica de sólidos ",530,
532,"Mecánica de fluidos, Mecánica de líquidos ",530,
533,Mecánicas de gases ,530,
534,Sonido & vibraciones relacionadas ,530,
535,Luz & fenómenos parafóticos ,530,
536,Calor ,530,
537,Electricidad & electrónica ,530,
538,Magnetismo ,530,
539,Física moderna ,530,
541,Química física & teórica ,540,
542,"Técnicas, equipo, materiales ",540,
543,Química analítica ,540,
544,Análisis cualitativo ,540,
545,Análisis cuantitativo ,540,
546,Química inorgánica ,540,
547,Química orgánica ,540,
548,Cristalografía ,540,
549,Mineralogía ,540,
551,"Geología, hidrología, meteorología ",550,
552,Petrología ,550,
553,Geología económica ,550,
554,Ciencias de la tierra de Europa ,550,
555,De Asia ,550,
556,De África ,550,
557,De América del Norte ,550,
558,De América del Sur ,550,
559,De otras áreas ,550,
561,Paleobotánica ,560,
562,Invertebrados fósiles ,560,
563,Filos (phyla) & fósiles primitivos ,560,
564,Moluscos & Moluscoideos fósiles ,560,
565,Otros invertebrados fósiles ,560,
566,Vertebrados fósiles (Craniatos fósiles) ,560,
567,Vertebrados de sangre fría fósiles ,560,
568,Aves fósiles (Pájaros fósiles) ,560,
569,Mamíferos fósiles ,560,
572,Razas humanas ,570,
573,Antropología física ,570,
574,Biología ,570,
575,Evolución & genética ,570,
576,Microbiología ,570,
577,Naturaleza general de la vida ,570,
578,Microscopia en biología ,570,
579,Colección & preservación ,570,
581,Botánica ,580,
582,Espermatofitas (plantas con semilla) ,580,
583,Dicotiledóneas ,580,
584,Monocotiledóneas ,580,
585,Gimnospermas (Pinofitas) ,580,
586,Criptógamas (Plantas sin semilla) ,580,
587,Pteridofitas (Criptógamas vasculares) ,580,
588,Briofitas ,580,
589,Talabiontas & procariotas ,580,
591,Zoología ,590,
592,Invertebrados ,590,
593,"Protozoos, Equinodermos, filos (phyla) relacionados ",590,
594,Moluscos & moluscoideos ,590,
595,Otros invertebrados ,590,
596,"Vertebrados (Craneados, vertebrados) ",590,
597,"Vertebrados de sangre fría, Peces ",590,
598,Aves (Pájaros) ,590,
599,Mamíferos ,590,
601,Filosofía & teoría ,600,
602,Miscelánea ,600,
603,Diccionarios & enciclopedias ,600,
604,Temas especiales ,600,
605,Publicaciones en serie ,600,
606,Organizaciones ,600,
607,"Educación, investigación, temas relacionados ",600,
608,Inventos & patentes ,600,
609,"Tratamiento histórico, geográfico, de personas ",600,
611,"Anatomía humana, citología, histología ",610,
612,Fisiología humana ,610,
613,Promoción de salud ,610,
614,Incidencia & prevención de la enfermedad ,610,
615,Farmacología & terapéutica ,610,
616,Enfermedades ,610,
617,"Varias ramas de la medicina, Cirugía  ",610,
618,Ginecología & otras especialidades médicas ,610,
619,Medicina experimental ,610,
621,Física aplicada ,620,
622,Minería & operaciones relacionadas ,620,
623,Ingeniería militar & naval ,620,
624,Ingeniería civil ,620,
625,"Ingeniería de ferrocarriles, de caminos ",620,
627,Ingeniería hidráulica ,620,
628,Ingeniería sanitaria & municipal ,620,
629,Otras ramas de la ingeniería ,620,
631,"Técnicas, equipo, materiales ",630,
632,"Lesiones, enfermedades, plagas de las plantas ",630,
633,Cultivos de campo & plantaciones ,630,
634,"Huertos, frutas, silvicultura ",630,
635,Cultivos horticolas  (Horticultura) ,630,
636,Producción animal (Zootecnia) ,630,
637,Procedimiento lechero & productos relacionados ,630,
638,Cultivo de insectos ,630,
639,"Caza, pesca, conservación ",630,
641,Alimentos & bebidas ,640,
642,Comidas & servicio a la mesa ,640,
643,Vivienda & equipo de la casa ,640,
644,Servicios de la casa ,640,
645,Dotación de la casa ,640,
646,"Costura, vestuario, vida personal ",640,
647,Administración de viviendas públicas ,640,
648,Manejo de la casa  ,640,
649,Puericultura & atención domiciliaria del enfermo ,640,
651,Servicios de oficina ,650,
652,Procesos de comunicación escrita ,650,
653,Taquigrafía ,650,
657,Contabilidad ,650,
658,Administración general ,650,
659,Publicidad & relaciones públicas ,650,
661,Tecnología química industrial ,660,
662,Tecnología  de explosivos combustibles,660,
663,Tecnología de las bebidas ,660,
664,Tecnología de los alimentos ,660,
665,"Aceites industriales, grasas, ceras, gases",660,
666,Cerámica & tecnologías afines ,660,
667,"Limpieza, color, tecnologías relacionadas ",660,
668,Tecnología de otros productos orgánicos,660,
669,Metalurgia ,660,
671,Metalistería & productos metálicos,670,
672,"Hierro, acero, otras aleaciones & ferrosas",670,
673,Metales no ferrosos ,670,
674,"Procesamiento de madera aserrada, productos de madera, corcho",670,
675,Procesamiento del cuero & piel ,670,
676,Tecnología de la pulpa & del papel,670,
677,Textiles ,670,
678,Elastómeros & productos del elastómero,670,
679,Otros productos de materiales  específicos,670,
681,Instrumentos de precisión & otros dispositivos,680,
682,Trabajo de forja pequeña (Herrería),680,
683,Ferretería & aparatos de la casa,680,
684,Muebles & talleres de hogar,680,
685,"Productos de cuero, piel relacionados  ",680,
686,Imprentas & actividades relacionadas,680,
687,Vestuario,680,
688,"Otros productos acabados, empaques",680,
691,Materiales de construcción ,690,
692,Prácticas auxiliares de la construcción ,690,
693,Materiales & propósitos específicos ,690,
694,"Construcción en madera, Carpintería ",690,
695,Cubiertas (techos) ,690,
696,Servicios públicos ,690,
697,"Calefacción, ventilación, aire acondicionado ",690,
698,Detalles de acabado ,690,
701,Filosofía & teoría ,700,
702,Miscelánea ,700,
703,Diccionarios & enciclopedias ,700,
704,Temas especiales ,700,
705,Publicaciones en serie ,700,
706,Organizaciones & administración ,700,
707,"Educación, investigación, temas relacionados ",700,
708,"Galerías, museos, colecciones privadas ",700,
709,"Tratamiento histórico, geográfico, personas ",700,
711,Planificación del espacio (Urbanismo) ,710,
712,Arquitectura del paisaje ,710,
713,Arquitectura del paisaje de las vías de tránsito ,710,
714,Aguas ornamentales ,710,
715,Plantas leñosas ,710,
716,Plantas herbáceas ,710,
717,Estructuras ,710,
718,Diseño de paisaje de cementerios ,710,
719,Paisajes naturales ,710,
722,Arquitectura antigua hasta ca. 300 ,720,
723,Arquitectura desde ca. 300 hasta 1399 ,720,
724,Arquitectura desde 1400 ,720,
725,Estructuras públicas ,720,
726,Edificios para propósitos religiosos ,720,
727,Edificios para educación & investigación ,720,
728,Edificios residenciales & relacionados ,720,
729,Diseño & decoración ,720,
731,"Procesos, formas, temas de la escultura ",730,
732,La escultura hasta ca. 500 ,730,
733,"Escultura griega, etrusca, romana ",730,
734,Escultura desde ca. 500 hasta 1399 ,730,
735,Escultura desde 1400 ,730,
736,Talla & tallado ,730,
737,Numismátismo & sigilografía ,730,
739,Arte en metal ,730,
741,Dibujo & dibujos  ,740,
742,Perspectiva ,740,
743,Dibujo & dibujos por tema ,740,
745,Artes decorativas ,740,
746,Artes textiles ,740,
747,Decoración de interiores ,740,
748,Vidrio ,740,
749,Muebles & accesorios ,740,
751,"Técnicas, equipo, formas ",750,
752,Color ,750,
753,"Simbolismo, alegoría, mitología, leyenda ",750,
754,Pinturas de género ,750,
755,Religión & simbolismo religiosos,750,
757,Figuras humanas & sus partes ,750,
758,Otros temas ,750,
759,"Tratamiento histórico, geográfico, de personas ",750,
761,Procesos en relieve (Grabado en bloque) ,760,
763,Procesos litográficos (Planográficos) ,760,
764,Cromolitografia & serigrafía ,760,
765,Grabado en metal ,760,
766,Media tinta & procesos relacionados ,760,
767,Aguafuerte & grabado a buril ,760,
769,Grabados ,760,
771,"Técnicas, equipo, materiales ",770,
772,Procesos con sales metálicas ,770,
773,Procesos de pigmentación de la impresión ,770,
774,Holografía ,770,
778,Campos & clases de fotografía ,770,
779,Fotografía ,770,
781,Principios generales & formas musicales ,780,
782,Música vocal ,780,
783,"Música para voces individuales, la voz ",780,
784,Instrumentos & conjuntos instrumentales ,780,
785,Conjuntos con un solo instrumento por parte ,780,
786,Instrumentos de percusión & otros instrumentos ,780,
787,Instrumentos de cuerda (Cordófonos) ,780,
788,Instrumentos de viento (Aerófonos) ,780,
791,Representaciones públicas ,790,
792,Representaciones escénicas ,790,
793,Juegos & pasatiempos bajo techo ,790,
794,Juegos de destreza bajo techo ,790,
795,Juegos de suerte ,790,
796,Deportes & juegos atléticos & al aire libre ,790,
797,Deportes acuáticos & aéreos ,790,
798,Deportes ecuestres ,790,
799,"Pesca, caza, tiro ",790,
801,Filosofía & retórica ,800,
802,Miscelánea ,800,
803,Diccionarios & enciclopedias ,800,
805,Publicaciones en serie ,800,
806,Organizaciones ,800,
807,"Educación, investigación, temas relacionados ",800,
808,Retórica & colecciones de literatura ,800,
809,Historia & critica literaria ,800,
811,Poesía ,810,
812,Teatro ,810,
813,Novelista ,810,
814,Ensayo ,810,
815,Oratoria ,810,
816,Cartas ,810,
817,Sátira & humor ,810,
818,Escritos varios ,810,
821,Poesía inglesa ,820,
822,Teatro ingles ,820,
823,Novelística ,820,
824,Ensayos ,820,
825,Oratoria ,820,
826,Cartas ,820,
827,Sátira & humor ,820,
828,Escritos varios ,820,
829,Literatura inglesa antigua (anglosajona) ,820,
831,Poesía ,830,
832,Teatro ,830,
833,Ficción ,830,
834,Ensayos ,830,
835,Oratoria ,830,
836,Cartas ,830,
837,Sátira & humor ,830,
838,Escritos varios ,830,
839,Otras literaturas germánicas ,830,
841,Poesía francesa ,840,
842,Teatro francés ,840,
843,Novela francesa ,840,
844,Ensayos franceses ,840,
845,Oratoria francesa ,840,
846,Cartas francesas ,840,
847,Sátira & humor francés ,840,
848,Escritos varios franceses ,840,
849,Provenzal & catalán ,840,
851,Poesía italiana ,850,
852,Teatro italiano ,850,
853,Ficción italiana ,850,
854,Ensayos italianos ,850,
855,Oratoria italiana ,850,
856,Cartas italianas ,850,
857,Sátiras & humor italianos ,850,
858,Escritos varios italianos ,850,
859,Romano & retorromano ,850,
861,Poesía española ,860,
862,Teatro español ,860,
863,Ficción española ,860,
864,Ensayos españoles ,860,
865,Oratoria española ,860,
866,Cartas españolas ,860,
867,Sátira & humor españoles  ,860,
868,Escritos varios españoles ,860,
869,Literatura portuguesa ,860,
871,Poesía latina ,870,
872,Poesía dramática & teatro latinos ,870,
873,Poesía épica y novelística latinas ,870,
874,Poesía lírica latina ,870,
875,Oratoria latina ,870,
876,Cartas latinas ,870,
877,Sátira & humor latinos ,870,
878,Escritos varios latinos ,870,
879,Literaturas de otras lenguas itálicas ,870,
881,Poesía griega clásica ,880,
882,Teatro griego clásico ,880,
883,Poesía épica & novelística griega clásica ,880,
884,Poesía lírica griega clásica ,880,
885,Oratoria griega clásica ,880,
886,Cartas griegas clásicas ,880,
887,Sátira & humor griegos clásicos ,880,
888,Escritos varios griegos clásicos ,880,
889,Literatura griega moderna ,880,
891,"Indoeuropeas, orientales & célticas ",890,
892,"Afroasiáticas, Semíticas ",890,
893,Afroasiáticas no semíticas ,890,
894,"Uralaltaicas, paleosiberianas & darvinianas ",890,
895,Del oriente & Sudoriente de Asia,890,
897,Nativas de América del Norte ,890,
898,Nativas de América del Sur ,890,
899,Otras lenguas ,890,
901,Filosofía & teoría de la historia ,900,
902,Miscelánea ,900,
903,Diccionarios & enciclopedias ,900,
904,Colecciones de relatos de eventos ,900,
905,Publicaciones en serie ,900,
906,Organizaciones & administración ,900,
907,"Educación, investigación, temas relacionados ",900,
908,En relación con clases de personas ,900,
909,Historia universal ,900,
911,Geografía histórica ,910,
912,Representaciones gráficas de la tierra ,910,
913,Mundo antiguo ,910,
914,Europa ,910,
915,Asia ,910,
916,África ,910,
917,América del Norte ,910,
918,América del Sur ,910,
919,Otras áreas ,910,
929,"Genealogía, nombres, emblemas",920,
931,China ,930,
932,Egipto ,930,
933,Palestina ,930,
934,India ,930,
935,Mesopotamia & Meseta Iraní ,930,
936,Europa al norte y al occidente de Italia ,930,
937,Italia & territorios adyacentes ,930,
938,Grecia ,930,
939,Otras partes del mundo antiguo ,930,
941,Islas Británicas ,940,
942,Inglaterra & Gales ,940,
943,"Europa Central, Alemania ",940,
944,Francia & Mónaco ,940,
945,Península Itálica e islas adyacentes ,940,
946,Península Ibérica e islas adyacentes ,940,
947,"Europa Oriental, Rusia ",940,
948,"Europa del norte, Escandinavia ",940,
949,Otras partes de Europa ,940,
951,China & áreas adyacentes ,950,
952,Japón ,950,
953,Península de Arabia & áreas adyacentes ,950,
954,"Asia de Sur, India ",950,
955,Irán ,950,
956,Medio Oriente (Cercano Oriente) ,950,
957,Siberia (Rusia asiática) ,950,
958,Asia central ,950,
959,Asia sudoriental ,950,
961,Túnez & Libia ,960,
962,Egipto & Sudán ,960,
963,Etiopía ,960,
964,Marruecos e Islas Canarias ,960,
965,Argelia ,960,
966,África occidental e islas cercanas ,960,
967,África central e islas cercanas ,960,
968,África del Sur ,960,
969,Islas del Océano Indico del Sur ,960,
971,Canadá ,970,
972,"Mesoamérica, México ",970,
973,Estados Unidos ,970,
974,Noroccidente de Estados Unidos ,970,
975,Sudoriente de Estados Unidos ,970,
976,Centro-sur de Estados Unidos ,970,
977,Centro-norte de Estados Unidos ,970,
978,Occidente de Estados Unidos ,970,
979,Gran Cuenca & Vertiente del Pacífico ,970,
981,Brasil ,980,
982,Argentina ,980,
983,Chile ,980,
984,Bolivia ,980,
985,Perú ,980,
986,Colombia & Ecuador ,980,
987,Venezuela ,980,
988,Guayanas ,980,
989,Paraguay y Uruguay ,980,
993,Nueva Zelanda ,990,
994,Australia ,990,
995,"Melanesia, Nueva Guinea ",990,
996,"Otras partes del Pacífico, Polinesia ",990,
997,Islas del Océano Atlántico ,990,
998,Islas árticas & Antártida ,990,
999,Mundos extraterrestres ,990,
